<?xml version="1.0" encoding="UTF-8" ?>
<module>
    <name>gcfas400synch</name>
    <displayName><![CDATA[Set product quantity and update order state]]></displayName>
    <version><![CDATA[1.0.0]]></version>
    <description><![CDATA[This module allow you to set product quantities and update order state]]></description>
    <author><![CDATA[Juba]]></author>
    <tab><![CDATA[administration]]></tab>
    <is_configurable>1</is_configurable>
    <need_instance>0</need_instance>
	<limited_countries></limited_countries>
</module>